{
  "DELETE product" : {
    "transaction" : "DELETE product",
    "sampleCount" : 200,
    "errorCount" : 0,
    "errorPct" : 0.0,
    "meanResTime" : 922.8950000000002,
    "medianResTime" : 865.5,
    "minResTime" : 83.0,
    "maxResTime" : 1912.0,
    "pct1ResTime" : 1389.0,
    "pct2ResTime" : 1518.8,
    "pct3ResTime" : 1846.7900000000002,
    "throughput" : 1.1380448389666553,
    "receivedKBytesPerSec" : 0.9780406246443609,
    "sentKBytesPerSec" : 0.7701807357459883
  },
  "POST product" : {
    "transaction" : "POST product",
    "sampleCount" : 200,
    "errorCount" : 0,
    "errorPct" : 0.0,
    "meanResTime" : 1312.9049999999984,
    "medianResTime" : 1313.5,
    "minResTime" : 587.0,
    "maxResTime" : 2515.0,
    "pct1ResTime" : 1750.3,
    "pct2ResTime" : 1926.8999999999992,
    "pct3ResTime" : 2345.740000000002,
    "throughput" : 1.1158597141167412,
    "receivedKBytesPerSec" : 2.2615392535037993,
    "sentKBytesPerSec" : 3.152260104109711
  },
  "POST login " : {
    "transaction" : "POST login ",
    "sampleCount" : 200,
    "errorCount" : 0,
    "errorPct" : 0.0,
    "meanResTime" : 1755.4150000000002,
    "medianResTime" : 1588.0,
    "minResTime" : 706.0,
    "maxResTime" : 3317.0,
    "pct1ResTime" : 2996.6000000000017,
    "pct2ResTime" : 3246.3999999999996,
    "pct3ResTime" : 3306.91,
    "throughput" : 1.0755521615909567,
    "receivedKBytesPerSec" : 1.8528119050852108,
    "sentKBytesPerSec" : 0.5350451866351889
  },
  "POST offers" : {
    "transaction" : "POST offers",
    "sampleCount" : 200,
    "errorCount" : 0,
    "errorPct" : 0.0,
    "meanResTime" : 1055.6699999999998,
    "medianResTime" : 1025.0,
    "minResTime" : 152.0,
    "maxResTime" : 2168.0,
    "pct1ResTime" : 1459.1000000000001,
    "pct2ResTime" : 1631.9,
    "pct3ResTime" : 2117.4000000000015,
    "throughput" : 1.1299818072929027,
    "receivedKBytesPerSec" : 3.151027100494932,
    "sentKBytesPerSec" : 0.8585213340565216
  },
  "GET product" : {
    "transaction" : "GET product",
    "sampleCount" : 200,
    "errorCount" : 0,
    "errorPct" : 0.0,
    "meanResTime" : 1173.5700000000002,
    "medianResTime" : 1181.0,
    "minResTime" : 137.0,
    "maxResTime" : 2281.0,
    "pct1ResTime" : 1589.9,
    "pct2ResTime" : 1754.55,
    "pct3ResTime" : 2161.87,
    "throughput" : 1.1245874169913914,
    "receivedKBytesPerSec" : 14.183370084498687,
    "sentKBytesPerSec" : 0.4579618680521584
  },
  "GET profiles" : {
    "transaction" : "GET profiles",
    "sampleCount" : 200,
    "errorCount" : 0,
    "errorPct" : 0.0,
    "meanResTime" : 1239.0100000000002,
    "medianResTime" : 1124.5,
    "minResTime" : 281.0,
    "maxResTime" : 3634.0,
    "pct1ResTime" : 1898.1000000000001,
    "pct2ResTime" : 2475.7999999999993,
    "pct3ResTime" : 3567.7700000000004,
    "throughput" : 1.0981287885443205,
    "receivedKBytesPerSec" : 1.467181563241237,
    "sentKBytesPerSec" : 0.7131402777167707
  },
  "GET product id" : {
    "transaction" : "GET product id",
    "sampleCount" : 200,
    "errorCount" : 0,
    "errorPct" : 0.0,
    "meanResTime" : 1012.7100000000004,
    "medianResTime" : 991.5,
    "minResTime" : 107.0,
    "maxResTime" : 2249.0,
    "pct1ResTime" : 1519.4,
    "pct2ResTime" : 1669.6999999999998,
    "pct3ResTime" : 2163.4700000000003,
    "throughput" : 1.1279043537108053,
    "receivedKBytesPerSec" : 1.7472934701387324,
    "sentKBytesPerSec" : 0.46592142736295966
  },
  "PUT profiles" : {
    "transaction" : "PUT profiles",
    "sampleCount" : 200,
    "errorCount" : 0,
    "errorPct" : 0.0,
    "meanResTime" : 2774.395000000001,
    "medianResTime" : 2586.0,
    "minResTime" : 1672.0,
    "maxResTime" : 5686.0,
    "pct1ResTime" : 3683.8,
    "pct2ResTime" : 4345.749999999998,
    "pct3ResTime" : 5426.930000000004,
    "throughput" : 1.081262265568825,
    "receivedKBytesPerSec" : 1.4443720974866059,
    "sentKBytesPerSec" : 161.10420234268986
  },
  "GET categories id" : {
    "transaction" : "GET categories id",
    "sampleCount" : 200,
    "errorCount" : 0,
    "errorPct" : 0.0,
    "meanResTime" : 853.8600000000004,
    "medianResTime" : 861.0,
    "minResTime" : 179.0,
    "maxResTime" : 2367.0,
    "pct1ResTime" : 1283.0,
    "pct2ResTime" : 1448.1999999999991,
    "pct3ResTime" : 2164.6900000000005,
    "throughput" : 1.1190313664492015,
    "receivedKBytesPerSec" : 0.7966541661537773,
    "sentKBytesPerSec" : 0.4600705129639784
  },
  "PUT offers id" : {
    "transaction" : "PUT offers id",
    "sampleCount" : 200,
    "errorCount" : 0,
    "errorPct" : 0.0,
    "meanResTime" : 904.575,
    "medianResTime" : 876.5,
    "minResTime" : 99.0,
    "maxResTime" : 2268.0,
    "pct1ResTime" : 1330.8,
    "pct2ResTime" : 1459.35,
    "pct3ResTime" : 1616.8000000000002,
    "throughput" : 1.1357763883446625,
    "receivedKBytesPerSec" : 3.158933537915055,
    "sentKBytesPerSec" : 0.818557592381212
  },
  "POST register" : {
    "transaction" : "POST register",
    "sampleCount" : 200,
    "errorCount" : 0,
    "errorPct" : 0.0,
    "meanResTime" : 1933.1800000000005,
    "medianResTime" : 1552.5,
    "minResTime" : 718.0,
    "maxResTime" : 6525.0,
    "pct1ResTime" : 3903.3000000000075,
    "pct2ResTime" : 5246.499999999999,
    "pct3ResTime" : 6408.600000000001,
    "throughput" : 1.0559773598454048,
    "receivedKBytesPerSec" : 1.8173844727769037,
    "sentKBytesPerSec" : 0.5428383615455284
  },
  "GET user id offers" : {
    "transaction" : "GET user id offers",
    "sampleCount" : 200,
    "errorCount" : 0,
    "errorPct" : 0.0,
    "meanResTime" : 886.755,
    "medianResTime" : 858.0,
    "minResTime" : 95.0,
    "maxResTime" : 1779.0,
    "pct1ResTime" : 1293.0,
    "pct2ResTime" : 1399.95,
    "pct3ResTime" : 1709.7000000000003,
    "throughput" : 1.1328492290960994,
    "receivedKBytesPerSec" : 1.2483024962332763,
    "sentKBytesPerSec" : 0.7467512008201829
  },
  "Total" : {
    "transaction" : "Total",
    "sampleCount" : 2800,
    "errorCount" : 0,
    "errorPct" : 0.0,
    "meanResTime" : 1376.2242857142812,
    "medianResTime" : 1175.0,
    "minResTime" : 83.0,
    "maxResTime" : 8165.0,
    "pct1ResTime" : 2373.8,
    "pct2ResTime" : 2987.8499999999995,
    "pct3ResTime" : 5135.799999999996,
    "throughput" : 14.243057781033334,
    "receivedKBytesPerSec" : 34.16697048412408,
    "sentKBytesPerSec" : 462.54874591147944
  },
  "PUT product" : {
    "transaction" : "PUT product",
    "sampleCount" : 200,
    "errorCount" : 0,
    "errorPct" : 0.0,
    "meanResTime" : 2518.0350000000003,
    "medianResTime" : 2065.0,
    "minResTime" : 991.0,
    "maxResTime" : 8165.0,
    "pct1ResTime" : 4682.4,
    "pct2ResTime" : 5511.549999999997,
    "pct3ResTime" : 7626.090000000009,
    "throughput" : 1.1125636247322894,
    "receivedKBytesPerSec" : 2.21662004909187,
    "sentKBytesPerSec" : 330.1154349949935
  },
  "GET categories" : {
    "transaction" : "GET categories",
    "sampleCount" : 200,
    "errorCount" : 0,
    "errorPct" : 0.0,
    "meanResTime" : 924.1649999999995,
    "medianResTime" : 900.5,
    "minResTime" : 177.0,
    "maxResTime" : 2147.0,
    "pct1ResTime" : 1402.7,
    "pct2ResTime" : 1595.0499999999997,
    "pct3ResTime" : 1937.950000000001,
    "throughput" : 1.1136291503566398,
    "receivedKBytesPerSec" : 1.163655459845317,
    "sentKBytesPerSec" : 0.4556744277338204
  }
}