{
  "POST Seller product" : {
    "transaction" : "POST Seller product",
    "sampleCount" : 200,
    "errorCount" : 166,
    "errorPct" : 83.0,
    "meanResTime" : 4568.57,
    "medianResTime" : 337.0,
    "minResTime" : 74.0,
    "maxResTime" : 61067.0,
    "pct1ResTime" : 9661.1,
    "pct2ResTime" : 35285.85,
    "pct3ResTime" : 60890.65,
    "throughput" : 0.23017793905578707,
    "receivedKBytesPerSec" : 0.08531644215685935,
    "sentKBytesPerSec" : 1.9841563129752455
  },
  "POST Register" : {
    "transaction" : "POST Register",
    "sampleCount" : 200,
    "errorCount" : 152,
    "errorPct" : 76.0,
    "meanResTime" : 2577.3049999999985,
    "medianResTime" : 308.0,
    "minResTime" : 76.0,
    "maxResTime" : 60726.0,
    "pct1ResTime" : 4648.900000000001,
    "pct2ResTime" : 17480.399999999918,
    "pct3ResTime" : 59930.92000000022,
    "throughput" : 0.22946147685995738,
    "receivedKBytesPerSec" : 0.08453997204585559,
    "sentKBytesPerSec" : 0.3184203750031551
  },
  "POST buyer order" : {
    "transaction" : "POST buyer order",
    "sampleCount" : 200,
    "errorCount" : 192,
    "errorPct" : 96.0,
    "meanResTime" : 3278.3400000000024,
    "medianResTime" : 285.5,
    "minResTime" : 63.0,
    "maxResTime" : 60384.0,
    "pct1ResTime" : 3280.9000000000033,
    "pct2ResTime" : 19080.79999999999,
    "pct3ResTime" : 60363.89,
    "throughput" : 0.23283510501445326,
    "receivedKBytesPerSec" : 0.07476758145154061,
    "sentKBytesPerSec" : 0.06903765503907555
  },
  "GET buyer product" : {
    "transaction" : "GET buyer product",
    "sampleCount" : 200,
    "errorCount" : 176,
    "errorPct" : 88.0,
    "meanResTime" : 45242.145000000004,
    "medianResTime" : 322.0,
    "minResTime" : 62.0,
    "maxResTime" : 468176.0,
    "pct1ResTime" : 163470.5000000002,
    "pct2ResTime" : 350509.5499999999,
    "pct3ResTime" : 466888.7300000002,
    "throughput" : 0.21716564092095605,
    "receivedKBytesPerSec" : 654.5936560249621,
    "sentKBytesPerSec" : 0.04922916037791165
  },
  "POST register buyer" : {
    "transaction" : "POST register buyer",
    "sampleCount" : 200,
    "errorCount" : 152,
    "errorPct" : 76.0,
    "meanResTime" : 2747.3999999999996,
    "medianResTime" : 340.0,
    "minResTime" : 71.0,
    "maxResTime" : 60224.0,
    "pct1ResTime" : 4895.500000000004,
    "pct2ResTime" : 16170.949999999933,
    "pct3ResTime" : 60047.35000000013,
    "throughput" : 0.2296662146070009,
    "receivedKBytesPerSec" : 0.08413095093870324,
    "sentKBytesPerSec" : 0.3165670656925757
  },
  "GET Buyer order" : {
    "transaction" : "GET Buyer order",
    "sampleCount" : 200,
    "errorCount" : 191,
    "errorPct" : 95.5,
    "meanResTime" : 3569.4850000000033,
    "medianResTime" : 278.0,
    "minResTime" : 62.0,
    "maxResTime" : 60845.0,
    "pct1ResTime" : 2500.0000000000014,
    "pct2ResTime" : 42107.69999999973,
    "pct3ResTime" : 60638.0,
    "throughput" : 0.2328733308804009,
    "receivedKBytesPerSec" : 0.08090528925196429,
    "sentKBytesPerSec" : 0.053352781046090286
  },
  "DELETE seller product id" : {
    "transaction" : "DELETE seller product id",
    "sampleCount" : 200,
    "errorCount" : 194,
    "errorPct" : 97.0,
    "meanResTime" : 1572.4899999999993,
    "medianResTime" : 274.0,
    "minResTime" : 63.0,
    "maxResTime" : 43968.0,
    "pct1ResTime" : 1427.1000000000001,
    "pct2ResTime" : 15883.149999999881,
    "pct3ResTime" : 24487.690000000028,
    "throughput" : 0.23301332836238234,
    "receivedKBytesPerSec" : 0.07258911303476559,
    "sentKBytesPerSec" : 0.05924545915276353
  },
  "GET Seller product" : {
    "transaction" : "GET Seller product",
    "sampleCount" : 200,
    "errorCount" : 169,
    "errorPct" : 84.5,
    "meanResTime" : 2477.5150000000003,
    "medianResTime" : 336.5,
    "minResTime" : 60.0,
    "maxResTime" : 60164.0,
    "pct1ResTime" : 10464.2,
    "pct2ResTime" : 10716.0,
    "pct3ResTime" : 38971.11000000022,
    "throughput" : 0.23201183260346278,
    "receivedKBytesPerSec" : 0.08616158174066878,
    "sentKBytesPerSec" : 0.053548512224123435
  },
  "GET buyer order id" : {
    "transaction" : "GET buyer order id",
    "sampleCount" : 200,
    "errorCount" : 190,
    "errorPct" : 95.0,
    "meanResTime" : 1708.5850000000014,
    "medianResTime" : 278.0,
    "minResTime" : 67.0,
    "maxResTime" : 46304.0,
    "pct1ResTime" : 1222.1000000000006,
    "pct2ResTime" : 6148.549999999982,
    "pct3ResTime" : 45677.65,
    "throughput" : 0.2329167229548747,
    "receivedKBytesPerSec" : 0.080949934113682,
    "sentKBytesPerSec" : 0.05363567173474046
  },
  "GET Seller product id" : {
    "transaction" : "GET Seller product id",
    "sampleCount" : 200,
    "errorCount" : 169,
    "errorPct" : 84.5,
    "meanResTime" : 1819.855,
    "medianResTime" : 327.5,
    "minResTime" : 63.0,
    "maxResTime" : 60264.0,
    "pct1ResTime" : 2023.7000000000025,
    "pct2ResTime" : 7431.249999999989,
    "pct3ResTime" : 35809.56000000005,
    "throughput" : 0.2295879126555745,
    "receivedKBytesPerSec" : 0.08532643742122265,
    "sentKBytesPerSec" : 0.053441967637287834
  },
  "POST login" : {
    "transaction" : "POST login",
    "sampleCount" : 200,
    "errorCount" : 156,
    "errorPct" : 78.0,
    "meanResTime" : 2436.144999999999,
    "medianResTime" : 328.5,
    "minResTime" : 62.0,
    "maxResTime" : 60854.0,
    "pct1ResTime" : 3125.8,
    "pct2ResTime" : 16781.149999999983,
    "pct3ResTime" : 46315.83,
    "throughput" : 0.2306650766154052,
    "receivedKBytesPerSec" : 0.08007614722717511,
    "sentKBytesPerSec" : 0.06867466983177596
  },
  "Total" : {
    "transaction" : "Total",
    "sampleCount" : 3000,
    "errorCount" : 2637,
    "errorPct" : 87.9,
    "meanResTime" : 5572.399333333329,
    "medianResTime" : 302.0,
    "minResTime" : 60.0,
    "maxResTime" : 468176.0,
    "pct1ResTime" : 4729.000000000007,
    "pct2ResTime" : 20314.35,
    "pct3ResTime" : 98339.58999999655,
    "throughput" : 3.152293608829784,
    "receivedKBytesPerSec" : 634.4755626811256,
    "sentKBytesPerSec" : 3.035141572132884
  },
  "GET buyer product id" : {
    "transaction" : "GET buyer product id",
    "sampleCount" : 200,
    "errorCount" : 186,
    "errorPct" : 93.0,
    "meanResTime" : 5736.789999999996,
    "medianResTime" : 299.0,
    "minResTime" : 60.0,
    "maxResTime" : 121925.0,
    "pct1ResTime" : 17055.20000000002,
    "pct2ResTime" : 50849.19999999999,
    "pct3ResTime" : 82466.87000000017,
    "throughput" : 0.23242463050294365,
    "receivedKBytesPerSec" : 0.08156765365301792,
    "sentKBytesPerSec" : 0.053930912432277274
  },
  "POST login buyer" : {
    "transaction" : "POST login buyer",
    "sampleCount" : 200,
    "errorCount" : 153,
    "errorPct" : 76.5,
    "meanResTime" : 3256.8850000000025,
    "medianResTime" : 331.0,
    "minResTime" : 65.0,
    "maxResTime" : 60838.0,
    "pct1ResTime" : 4538.900000000003,
    "pct2ResTime" : 34033.89999999984,
    "pct3ResTime" : 44459.30000000001,
    "throughput" : 0.22999556108567104,
    "receivedKBytesPerSec" : 0.07995377915768725,
    "sentKBytesPerSec" : 0.06814966127403742
  },
  "PUT buyer order id" : {
    "transaction" : "PUT buyer order id",
    "sampleCount" : 200,
    "errorCount" : 195,
    "errorPct" : 97.5,
    "meanResTime" : 1491.86,
    "medianResTime" : 279.0,
    "minResTime" : 62.0,
    "maxResTime" : 60802.0,
    "pct1ResTime" : 1461.9000000000003,
    "pct2ResTime" : 4496.649999999997,
    "pct3ResTime" : 33554.82000000011,
    "throughput" : 0.2329560609925559,
    "receivedKBytesPerSec" : 0.07461305088284524,
    "sentKBytesPerSec" : 0.06479204194432117
  },
  "DELETE buyer order id" : {
    "transaction" : "DELETE buyer order id",
    "sampleCount" : 200,
    "errorCount" : 196,
    "errorPct" : 98.0,
    "meanResTime" : 1102.6200000000001,
    "medianResTime" : 265.5,
    "minResTime" : 63.0,
    "maxResTime" : 34528.0,
    "pct1ResTime" : 1374.9000000000003,
    "pct2ResTime" : 3557.299999999993,